id,name,email,password
1,John Doe,john@example.com,securepassword
2,Jane Smith,jane@example.com,anotherpassword1
3,Test User,test@example.com,password123
4,new,a@ali.com,aaa
37cc3d52-c676-4b8b-925d-db77f2e7c700,ad,a@ali.com,aaaa
6a01aec8-71f0-46be-bf06-a03ebb23e587,m ali,new1@ali.com,aabb
94111495-e789-4e0b-82db-e6fdc2f45a2f,ali fatmi,aaaz@ali.com,122345
6569e9de-e49b-4d02-a820-f4f5839dd675,ali fatmi,aaaz,122345
827f759d-3e3e-44c0-b641-619f9abfbd71,ali fatmi,a,122345
48560fc5-d626-4beb-8c6c-4be1421c24a0,sdsd,asdas,122345
